escalation_id,order_id,retailer_id,created_at,escalation_type,severity,resolved_at
E001,O004,R001,2026-01-04 17:30,cancellation,medium,2026-01-04 18:10
E002,O008,R002,2026-01-06 19:20,cancellation,high,2026-01-06 20:00
E003,O011,R002,2026-01-08 16:30,timeliness,medium,2026-01-08 17:15
E004,O014,R002,2026-01-09 14:20,cancellation,low,2026-01-09 15:00
E005,O016,R001,2026-01-10 19:30,timeliness,medium,2026-01-10 20:10
E006,O019,R001,2026-01-12 15:10,cancellation,low,2026-01-12 15:40
E007,O021,R003,2026-01-13 12:30,timeliness,medium,2026-01-13 13:20
E008,O024,R003,2026-01-14 16:20,cancellation,high,2026-01-14 17:00
E009,O006,R003,2026-01-05 18:20,reschedule,low,2026-01-05 19:00
E010,O011,R002,2026-01-08 16:40,reschedule,medium,2026-01-08 17:30
E011,O016,R001,2026-01-10 19:50,reschedule,low,2026-01-10 20:30
E012,O021,R003,2026-01-13 12:50,reschedule,medium,2026-01-13 13:40
E013,O018,R003,2026-01-11 13:55,timeliness,low,2026-01-11 14:20
E014,O020,R002,2026-01-12 17:40,timeliness,low,2026-01-12 18:10
E015,O023,R002,2026-01-14 14:50,timeliness,medium,2026-01-14 15:30

