order_id,retailer_id,order_date,promised_delivery_time,actual_delivery_time,status,order_value
O001,001,2026-09-01 09:15:00,2026-09-02 10:00:00,2026-09-02 09:48:00,completed,45.99
O002,001,2026-09-01 11:20:00,2026-09-02 12:00:00,2026-09-02 12:15:00,completed,32.50
O003,001,2026-09-03 08:40:00,2026-09-04 09:00:00,,cancelled,0.00
O004,001,2026-09-04 10:05:00,2026-09-05 10:00:00,2026-09-05 10:07:00,completed,27.80
O005,001,2026-09-05 13:10:00,2026-09-06 12:00:00,2026-09-06 11:55:00,completed,63.40
O006,R002,2026-09-02 14:00:00,2026-09-03 14:00:00,2026-09-03 14:12:00,completed,28.75
O007,R002,2026-09-03 16:20:00,2026-09-04 16:00:00,2026-09-04 15:42:00,completed,64.20
O008,R002,2026-09-04 09:00:00,2026-09-05 09:00:00,,cancelled,0.00
O009,R002,2026-09-05 10:00:00,2026-09-06 10:00:00,2026-09-06 10:32:00,completed,22.10
O010,R002,2026-09-06 11:00:00,2026-09-07 11:00:00,2026-09-07 11:06:00,completed,39.99
O011,R003,2026-09-01 09:00:00,2026-09-02 09:00:00,2026-09-02 09:22:00,completed,18.50
O012,R003,2026-09-02 10:00:00,2026-09-03 10:00:00,,cancelled,0.00
O013,R003,2026-09-03 11:00:00,2026-09-04 11:00:00,2026-09-04 11:33:00,completed,42.10
O014,R003,2026-09-04 12:00:00,2026-09-05 12:00:00,2026-09-05 12:00:00,completed,33.25
O015,R003,2026-09-05 13:00:00,2026-09-06 13:00:00,2026-09-06 12:52:00,completed,55.60
O016,R004,2026-09-01 08:00:00,2026-09-02 08:00:00,2026-09-02 08:11:00,completed,29.99
O017,R004,2026-09-02 09:00:00,2026-09-03 09:00:00,2026-09-03 09:47:00,completed,47.80
O018,R004,2026-09-03 10:00:00,2026-09-04 10:00:00,,cancelled,0.00
O019,R004,2026-09-04 11:00:00,2026-09-05 11:00:00,2026-09-05 11:23:00,completed,38.40
O020,R004,2026-09-05 12:00:00,2026-09-06 12:00:00,2026-09-06 12:06:00,completed,66.10
O021,R005,2026-09-01 09:00:00,2026-09-02 09:00:00,2026-09-02 09:00:00,completed,21.50
O022,R005,2026-09-02 10:00:00,2026-09-03 10:00:00,2026-09-03 10:32:00,completed,34.20
O023,R005,2026-09-03 11:00:00,2026-09-04 11:00:00,,cancelled,0.00
O024,R005,2026-09-04 12:00:00,2026-09-05 12:00:00,2026-09-05 12:17:00,completed,49.99
O025,R005,2026-09-05 13:00:00,2026-09-06 13:00:00,2026-09-06 13:12:00,completed,72.40
O026,R006,2026-09-01 08:00:00,2026-09-02 08:00:00,2026-09-02 08:22:00,completed,19.99
O027,R006,2026-09-02 09:00:00,2026-09-03 09:00:00,,cancelled,0.00
O028,R006,2026-09-03 10:00:00,2026-09-04 10:00:00,2026-09-04 10:42:00,completed,31.50
O029,R006,2026-09-04 11:00:00,2026-09-05 11:00:00,2026-09-05 11:00:00,completed,27.10
O030,R006,2026-09-05 12:00:00,2026-09-06 12:00:00,2026-09-06 12:33:00,completed,44.80
O031,R007,2026-09-01 09:00:00,2026-09-02 09:00:00,2026-09-02 09:12:00,completed,52.40
O032,R007,2026-09-02 10:00:00,2026-09-03 10:00:00,2026-09-03 10:00:00,completed,23.99
O033,R007,2026-09-03 11:00:00,2026-09-04 11:00:00,,cancelled,0.00
O034,R007,2026-09-04 12:00:00,2026-09-05 12:00:00,2026-09-05 12:42:00,completed,36.20
O035,R007,2026-09-05 13:00:00,2026-09-06 13:00:00,2026-09-06 13:07:00,completed,61.10
O036,R008,2026-09-01 08:00:00,2026-09-02 08:00:00,2026-09-02 08:00:00,completed,24.99
O037,R008,2026-09-02 09:00:00,2026-09-03 09:00:00,2026-09-03 09:22:00,completed,33.40
O038,R008,2026-09-03 10:00:00,2026-09-04 10:00:00,,cancelled,0.00
O039,R008,2026-09-04 11:00:00,2026-09-05 11:00:00,2026-09-05 11:32:00,completed,48.10
O040,R008,2026-09-05 12:00:00,2026-09-06 12:00:00,2026-09-06 12:00:00,completed,57.80
O041,R009,2026-09-01 09:00:00,2026-09-02 09:00:00,2026-09-02 09:17:00,completed,29.10
O042,R009,2026-09-02 10:00:00,2026-09-03 10:00:00,,cancelled,0.00
O043,R009,2026-09-03 11:00:00,2026-09-04 11:00:00,2026-09-04 11:12:00,completed,41.20
O044,R009,2026-09-04 12:00:00,2026-09-05 12:00:00,2026-09-05 12:22:00,completed,38.99
O045,R009,2026-09-05 13:00:00,2026-09-06 13:00:00,2026-09-06 13:33:00,completed,55.40
O046,R010,2026-09-01 08:00:00,2026-09-02 08:00:00,2026-09-02 08:07:00,completed,26.99
O047,R010,2026-09-02 09:00:00,2026-09-03 09:00:00,2026-09-03 09:42:00,completed,37.20
O048,R010,2026-09-03 10:00:00,2026-09-04 10:00:00,,cancelled,0.00
O049,R010,2026-09-04 11:00:00,2026-09-05 11:00:00,2026-09-05 11:00:00,completed,49.50
O050,R010,2026-09-05 12:00:00,2026-09-06 12:00:00,2026-09-06 12:12:00,completed,68.40
O051,001,2026-09-06 09:10:00,2026-09-07 09:00:00,2026-09-07 09:03:00,completed,33.10
O052,001,2026-09-06 11:00:00,2026-09-07 11:00:00,2026-09-07 11:20:00,completed,27.40
O053,001,2026-09-07 08:30:00,2026-09-08 09:00:00,,cancelled,0.00
O054,001,2026-09-07 10:00:00,2026-09-08 10:00:00,2026-09-08 10:05:00,completed,41.60
O055,001,2026-09-07 13:00:00,2026-09-08 13:00:00,2026-09-08 12:55:00,completed,52.80
O056,R002,2026-09-06 14:00:00,2026-09-07 14:00:00,2026-09-07 14:10:00,completed,29.99
O057,R002,2026-09-06 16:00:00,2026-09-07 16:00:00,2026-09-07 16:20:00,completed,48.50
O058,R002,2026-09-07 09:00:00,2026-09-08 09:00:00,,cancelled,0.00
O059,R002,2026-09-07 11:00:00,2026-09-08 11:00:00,2026-09-08 11:30:00,completed,36.70
O060,R002,2026-09-07 13:00:00,2026-09-08 13:00:00,2026-09-08 13:05:00,completed,57.20
O061,R003,2026-09-06 09:00:00,2026-09-07 09:00:00,2026-09-07 09:15:00,completed,22.40
O062,R003,2026-09-06 10:00:00,2026-09-07 10:00:00,,cancelled,0.00
O063,R003,2026-09-06 11:00:00,2026-09-07 11:00:00,2026-09-07 11:40:00,completed,44.10
O064,R003,2026-09-06 12:00:00,2026-09-07 12:00:00,2026-09-07 12:00:00,completed,33.90
O065,R003,2026-09-06 13:00:00,2026-09-07 13:00:00,2026-09-07 12:55:00,completed,58.20
O066,R004,2026-09-06 08:00:00,2026-09-07 08:00:00,2026-09-07 08:10:00,completed,28.40
O067,R004,2026-09-06 09:00:00,2026-09-07 09:00:00,2026-09-07 09:45:00,completed,47.10
O068,R004,2026-09-06 10:00:00,2026-09-07 10:00:00,,cancelled,0.00
O069,R004,2026-09-06 11:00:00,2026-09-07 11:00:00,2026-09-07 11:22:00,completed,39.80
O070,R004,2026-09-06 12:00:00,2026-09-07 12:00:00,2026-09-07 12:05:00,completed,67.10
O071,R005,2026-09-06 09:00:00,2026-09-07 09:00:00,2026-09-07 09:00:00,completed,24.10
O072,R005,2026-09-06 10:00:00,2026-09-07 10:00:00,2026-09-07 10:35:00,completed,35.20
O073,R005,2026-09-06 11:00:00,2026-09-07 11:00:00,,cancelled,0.00
O074,R005,2026-09-06 12:00:00,2026-09-07 12:00:00,2026-09-07 12:18:00,completed,50.99
O075,R005,2026-09-06 13:00:00,2026-09-07 13:00:00,2026-09-07 13:12:00,completed,73.40
O076,R006,2026-09-06 08:00:00,2026-09-07 08:00:00,2026-09-07 08:22:00,completed,20.99
O077,R006,2026-09-06 09:00:00,2026-09-07 09:00:00,,cancelled,0.00
O078,R006,2026-09-06 10:00:00,2026-09-07 10:00:00,2026-09-07 10:42:00,completed,32.50
O079,R006,2026-09-06 11:00:00,2026-09-07 11:00:00,2026-09-07 11:00:00,completed,28.10
O080,R006,2026-09-06 12:00:00,2026-09-07 12:00:00,2026-09-07 12:33:00,completed,45.80
O081,R007,2026-09-06 09:00:00,2026-09-07 09:00:00,2026-09-07 09:12:00,completed,53.40
O082,R007,2026-09-06 10:00:00,2026-09-07 10:00:00,2026-09-07 10:00:00,completed,24.99
O083,R007,2026-09-06 11:00:00,2026-09-07 11:00:00,,cancelled,0.00
O084,R007,2026-09-06 12:00:00,2026-09-07 12:00:00,2026-09-07 12:42:00,completed,37.20
O085,R007,2026-09-06 13:00:00,2026-09-07 13:00:00,2026-09-07 13:07:00,completed,62.10
O086,R008,2026-09-06 08:00:00,2026-09-07 08:00:00,2026-09-07 08:00:00,completed,25.99
O087,R008,2026-09-06 09:00:00,2026-09-07 09:00:00,2026-09-07 09:22:00,completed,34.40
O088,R008,2026-09-06 10:00:00,2026-09-07 10:00:00,,cancelled,0.00
O089,R008,2026-09-06 11:00:00,2026-09-07 11:00:00,2026-09-07 11:32:00,completed,49.10
O090,R008,2026-09-06 12:00:00,2026-09-07 12:00:00,2026-09-07 12:00:00,completed,58.80
O091,R009,2026-09-06 09:00:00,2026-09-07 09:00:00,2026-09-07 09:17:00,completed,30.10
O092,R009,2026-09-06 10:00:00,2026-09-07 10:00:00,,cancelled,0.00
O093,R009,2026-09-06 11:00:00,2026-09-07 11:00:00,2026-09-07 11:12:00,completed,42.20
O094,R009,2026-09-06 12:00:00,2026-09-07 12:00:00,2026-09-07 12:22:00,completed,39.99
O095,R009,2026-09-06 13:00:00,2026-09-07 13:00:00,2026-09-07 13:33:00,completed,56.40
O096,R010,2026-09-06 08:00:00,2026-09-07 08:00:00,2026-09-07 08:07:00,completed,27.99
O097,R010,2026-09-06 09:00:00,2026-09-07 09:00:00,2026-09-07 09:42:00,completed,38.20
O098,R010,2026-09-06 10:00:00,2026-09-07 10:00:00,,cancelled,0.00
O099,R010,2026-09-06 11:00:00,2026-09-07 11:00:00,2026-09-07 11:00:00,completed,50.50
O100,R010,2026-09-06 12:00:00,2026-09-07 12:00:00,2026-09-07 12:12:00,completed,69.40

