,retailer_id,total_orders,cancelled_orders,rescheduled_orders,completed_orders,on_time_orders,avg_order_value,cancellation_rate,reschedule_rate,on_time_rate,retailer_name,region,launch_date,tier,escalation_count,escalation_rate
0,001,10,2,0,8,3,32.458999999999996,0.2,0.0,0.375,FreshMart,East,2025-06-01,strategic,2.0,0.2
1,R002,10,2,0,8,1,32.743,0.2,0.0,0.125,GreenBasket,West,2024-11-15,core,1.0,0.1
2,R003,10,2,0,8,4,30.805,0.2,0.0,0.5,UrbanGrocer,Central,2025-02-20,long_tail,1.0,0.1
3,R004,10,2,0,8,0,36.469,0.2,0.0,0.0,RiverMarket,East,2024-09-10,strategic,2.0,0.2
4,R005,10,2,0,8,2,36.178000000000004,0.2,0.0,0.25,MapleFoods,West,2025-01-25,core,2.0,0.2
5,R006,10,2,0,8,2,25.078,0.2,0.0,0.25,CityPantry,Central,2024-03-18,long_tail,2.0,0.2
6,R007,10,2,0,8,2,35.138,0.2,0.0,0.25,DailyHarvest,East,2025-04-05,strategic,2.0,0.2
7,R008,10,2,0,8,4,33.257999999999996,0.2,0.0,0.5,NorthGrocer,West,2023-12-12,core,1.0,0.1
8,R009,10,2,0,8,0,33.338,0.2,0.0,0.0,HomeBasket,Central,2024-07-22,long_tail,0.0,0.0
9,R010,10,2,0,8,2,36.818,0.2,0.0,0.25,PurePantry,East,2025-02-01,strategic,0.0,0.0
